ID,Age,Experience,Income,ZIP Code,Family,CCAvg,Education,Mortgage,Securities Account,CD Account,Online,CreditCard
2389,64,39,23,91768,3,0.5,1,0,1,0,0,0
2374,33,9,184,94304,2,4.8,2,0,0,0,0,0
4348,58,33,22,90024,3,0.2,1,0,0,0,1,0
666,54,24,61,92866,4,2.0,3,0,1,0,1,0
4183,55,29,49,92691,2,0.8,3,220,0,0,0,1
4517,58,32,12,95929,4,0.7,3,0,0,0,1,0
4842,59,35,40,92870,4,0.4,1,135,0,0,1,0
3971,65,40,71,95060,3,2.2,1,0,0,0,0,1
990,42,16,64,94607,3,0.5,3,247,0,0,0,0
4480,32,8,128,93117,2,4.33,1,0,0,0,1,0
2670,43,18,10,91902,2,0.1,2,0,1,0,0,1
971,57,32,75,94928,2,3.7,1,236,0,0,1,0
3828,39,14,128,93943,2,3.9,1,196,0,0,1,0
3527,58,33,9,95008,2,0.2,3,0,0,0,1,0
657,37,11,81,94539,1,2.8,3,145,0,0,0,0
427,42,18,75,92182,3,2.33,1,0,0,0,0,1
3674,34,9,65,95134,4,1.3,1,0,0,0,0,1
1920,38,13,19,92069,2,1.4,2,120,0,0,0,1
4395,57,31,25,94523,2,0.7,2,103,0,0,0,0
1024,45,20,109,94117,1,7.0,1,366,0,0,1,0
177,52,25,44,93111,3,1.0,2,135,0,0,1,0
3138,61,36,13,91711,3,0.5,1,0,0,0,1,0
3311,53,29,95,94720,4,1.0,2,0,0,0,1,1
141,51,25,31,90245,2,0.4,3,161,0,0,1,1
4569,26,0,44,94305,4,1.3,3,0,1,0,0,0
581,52,22,22,90049,4,0.4,3,0,0,0,1,1
457,64,39,42,92068,3,0.5,2,116,0,0,1,0
2334,45,21,61,95812,3,0.7,1,0,1,1,1,1
3542,45,20,144,92106,4,5.4,1,210,0,0,1,0
622,41,17,114,91125,2,1.8,2,0,0,0,1,0
2715,46,20,158,92870,3,5.4,1,432,0,0,0,1
3439,43,17,72,94806,1,2.8,1,271,0,0,1,0
3973,29,5,112,94998,2,4.33,1,0,0,0,1,1
3115,29,4,55,90024,4,2.0,2,0,1,0,1,0
2320,34,9,198,95819,2,3.0,1,422,0,0,1,0
3294,44,20,62,94939,2,2.5,1,0,1,0,1,0
1872,31,5,99,94065,4,1.8,2,268,0,0,0,0
4651,47,23,63,95521,1,0.8,3,0,0,0,1,0
671,23,-1,61,92374,4,2.6,1,239,0,0,1,0
2672,62,37,128,92093,1,2.5,1,0,0,0,0,0
1473,34,8,8,94710,3,0.1,2,83,0,0,1,0
2166,27,0,38,95929,4,1.0,3,154,0,0,1,0
4101,27,2,41,90254,2,1.7,2,0,0,0,1,0
221,32,6,25,92130,2,0.3,1,0,0,0,0,1
133,31,1,51,90840,2,1.75,3,0,0,0,0,0
60,31,5,188,91320,2,4.5,1,455,0,0,0,0
3261,55,30,84,95821,2,0.0,3,0,0,0,0,0
4692,41,17,65,90024,3,2.1,3,0,0,0,1,0
2227,25,1,98,90717,1,5.4,1,0,0,0,1,0
1030,41,17,20,94720,1,1.4,3,0,0,0,1,0
2469,49,23,133,94304,1,7.3,1,0,0,0,1,1
3185,39,15,141,92354,2,8.0,1,0,0,0,1,0
227,24,-1,39,94085,2,1.7,2,0,0,0,0,0
2021,59,34,33,94303,3,0.2,1,0,1,0,0,0
3288,39,13,32,90747,2,0.8,3,0,0,0,1,0
3266,40,14,61,94612,3,0.5,3,0,0,0,1,0
2560,36,12,88,90212,2,2.7,1,0,0,0,1,0
2753,51,25,34,95819,3,0.9,3,111,0,0,1,0
3561,31,5,65,94591,4,2.2,2,126,0,0,1,0
3502,65,39,105,91380,4,1.7,3,0,1,0,1,0
3829,31,6,44,95616,4,0.8,1,122,0,0,1,0
3989,59,35,85,91330,1,3.4,3,0,0,1,0,1
4472,56,30,79,94588,3,0.8,1,302,0,0,0,0
4679,33,7,115,93305,1,2.7,2,283,0,0,1,0
3204,44,20,119,92677,2,7.5,1,239,0,0,1,0
3258,59,35,84,92407,1,1.8,3,0,0,0,1,0
731,43,18,140,95616,1,7.0,1,205,0,0,1,0
4080,65,40,75,90036,3,2.2,1,0,0,0,1,0
2206,63,37,101,95819,2,2.8,1,0,0,0,0,0
1300,50,25,14,95762,2,0.7,3,0,1,0,1,0
3629,42,18,131,94949,1,3.4,1,0,0,0,0,1
1481,67,42,32,93943,1,1.1,3,0,0,0,0,1
595,50,26,85,94143,1,0.0,1,144,0,0,0,0
3654,52,27,32,92521,2,2.0,2,0,0,0,0,1
218,39,14,74,94305,3,3.0,1,0,0,0,0,0
991,34,10,81,94002,4,3.4,1,0,0,0,1,0
4940,54,29,70,92093,3,2.0,2,116,0,0,1,1
2983,59,33,111,95120,3,4.4,1,0,0,0,1,0
1875,37,11,82,95819,3,0.9,2,218,0,0,1,1
2053,28,3,120,94080,1,0.8,1,170,0,0,0,0
3247,41,17,81,95422,1,0.8,2,223,0,0,1,0
2105,40,14,58,90245,4,0.2,3,0,0,0,1,0
2789,45,20,30,96003,1,0.1,1,0,0,0,1,0
2558,36,11,23,94553,4,0.2,3,0,0,0,1,0
2862,42,18,60,92677,4,0.2,3,151,0,0,0,1
1051,53,27,145,90095,2,6.1,3,294,0,1,1,1
1512,58,32,65,90266,3,2.2,3,0,0,0,0,0
1355,35,10,179,91942,1,8.6,1,357,0,0,0,0
1755,50,24,80,95616,4,4.9,1,0,0,0,1,0
1346,57,32,23,92126,2,0.2,3,0,0,0,0,0
3873,53,29,63,94720,2,1.0,3,0,0,0,1,0
485,25,1,113,95023,2,0.2,1,0,0,0,1,1
1786,29,3,190,94080,2,4.5,1,0,0,0,1,0
1728,52,26,54,90049,2,1.5,2,0,0,0,0,1
2149,54,30,58,92007,2,3.2,3,0,0,0,0,0
4843,49,23,174,95449,3,4.6,2,590,0,0,0,0
3600,45,19,23,93101,2,0.1,3,91,0,1,1,1
3310,52,27,43,94611,4,0.2,2,0,0,0,1,0
3179,46,21,71,95814,4,1.9,3,0,0,0,0,0
4188,30,5,109,94305,4,2.2,2,103,0,0,0,1
2712,39,14,34,94939,4,1.7,1,0,0,0,1,1
4219,52,27,43,94005,4,0.2,2,0,0,0,0,1
2814,48,22,14,94303,2,0.1,3,0,0,0,1,0
1574,44,20,69,92028,1,0.8,3,184,0,1,1,1
2005,30,4,44,92704,1,1.9,3,143,0,0,0,0
3778,62,37,98,94706,1,0.9,1,151,0,0,1,0
3239,52,28,49,94928,4,1.1,2,0,0,0,1,0
2064,56,30,32,94080,2,0.4,3,0,0,0,1,0
3841,56,31,35,95211,3,0.1,2,114,0,0,0,0
4699,48,22,162,94143,3,1.4,1,400,0,0,0,0
2111,28,4,104,94301,3,2.5,1,0,0,0,0,0
3004,52,28,44,90747,3,1.9,2,0,0,0,0,1
2592,31,7,8,95131,4,0.7,2,0,0,0,0,0
2916,34,9,133,92110,1,3.8,1,0,0,0,1,0
726,39,15,119,92037,2,6.1,1,0,0,0,0,0
309,32,8,128,94720,2,4.33,1,0,0,1,1,1
3534,57,32,50,94545,4,2.1,1,211,0,0,0,0
4691,59,34,19,92192,1,0.3,3,0,0,0,1,0
3917,50,26,12,92121,1,0.2,1,96,0,0,0,0
634,61,31,18,94583,1,1.5,3,0,0,0,1,1
1269,34,9,62,92677,3,2.3,1,0,0,0,0,0
50,40,16,49,92373,1,1.8,1,0,0,0,0,1
1461,40,16,85,92677,4,0.2,3,0,0,0,1,1
3064,54,29,21,95841,4,0.1,3,0,0,0,0,0
1305,51,26,145,90025,1,8.1,1,397,0,0,0,1
3598,56,26,51,92028,3,2.0,3,0,0,0,1,0
3580,28,2,84,94305,1,2.9,3,102,1,1,0,1
3635,59,35,73,90009,4,2.3,3,0,0,0,0,0
830,55,30,81,90254,4,3.8,2,0,0,0,1,0
449,31,4,60,94588,4,2.0,2,0,0,0,1,1
1750,46,22,52,95814,2,2.1,3,221,0,0,0,0
40,38,13,80,94115,4,0.7,3,285,0,0,1,0
4526,36,11,110,94110,1,3.8,1,0,0,0,1,1
488,39,13,88,94117,4,1.4,2,0,0,0,1,1
537,25,-1,43,92173,3,2.4,2,176,0,0,1,0
4496,38,14,82,95616,4,2.67,1,0,0,0,0,0
2839,30,6,181,94542,3,4.1,2,0,0,1,1,1
3509,33,9,125,92182,1,4.3,3,0,0,0,1,0
2764,55,31,13,93943,4,0.7,1,0,0,0,1,0
1931,56,29,51,94080,3,1.0,2,0,0,0,1,0
2030,30,3,61,92152,4,2.0,2,0,0,0,1,0
72,53,29,69,93907,4,1.0,2,0,0,0,1,0
2480,55,30,82,94720,4,3.8,2,0,0,0,1,0
3196,55,29,35,90007,3,1.4,1,0,0,0,0,0
3986,65,40,32,90095,1,1.1,3,120,0,0,1,0
2404,38,13,140,90210,4,0.5,1,0,0,0,0,0
3251,36,11,101,90212,3,1.2,3,0,1,0,0,1
2815,54,28,53,94002,1,2.2,3,0,0,0,1,1
3891,42,17,139,91101,2,2.9,3,0,0,0,1,0
11,65,39,105,94710,4,2.4,3,0,0,0,0,0
2966,53,27,31,91605,2,0.4,3,104,0,0,0,1
2596,35,10,105,92780,1,4.6,1,0,0,0,0,0
4902,26,0,54,96094,3,1.1,2,0,0,0,1,0
4611,37,13,79,91330,1,3.6,2,104,0,0,1,0
476,43,19,152,92008,3,6.1,2,0,0,0,0,0
2293,57,33,170,95051,2,2.1,2,0,0,0,0,0
3103,49,25,30,90095,4,0.9,2,0,0,0,0,1
4619,35,9,29,95354,3,0.9,1,126,0,0,1,0
4201,43,19,74,94035,4,1.9,1,0,0,0,0,1
3332,67,42,21,94607,3,0.1,3,0,0,0,0,1
5,35,8,45,91330,4,1.0,2,0,0,0,0,1
2520,60,36,10,92121,2,1.0,1,0,0,0,1,1
1393,47,23,33,90095,1,1.0,1,0,0,0,1,1
2117,44,17,70,94920,3,2.67,2,0,0,0,0,0
580,57,33,88,93524,1,2.7,2,0,0,0,1,0
4508,26,1,8,94550,2,0.9,3,0,0,0,0,1
2283,38,14,90,94110,2,2.7,1,0,0,0,1,1
2475,64,38,40,92122,2,1.0,3,0,0,0,0,0
3443,43,18,30,93940,1,0.5,3,0,0,0,1,0
1208,38,12,43,94301,4,1.2,2,0,0,0,0,1
4783,26,0,150,91311,2,7.2,1,0,0,0,0,1
598,24,-2,125,92835,2,7.2,1,0,1,0,0,1
144,25,1,54,94117,4,1.6,1,0,0,0,1,1
2539,37,12,175,92037,2,7.8,1,297,0,0,1,1
4148,59,35,180,96008,2,6.5,2,0,1,1,1,1
1103,29,3,84,95023,1,2.9,3,0,0,0,1,0
139,59,34,42,94928,3,1.5,1,0,1,1,0,1
1664,57,32,42,95070,3,0.5,2,0,1,0,1,0
1638,30,6,193,94022,3,6.3,3,0,0,0,1,0
4833,29,4,83,91950,4,2.2,2,0,0,0,1,1
4000,47,21,90,90245,2,0.8,3,0,0,0,0,0
2603,52,26,161,93108,4,4.3,1,0,0,1,1,1
522,48,24,75,92518,4,1.4,2,0,0,0,1,0
4215,46,22,89,94303,1,2.7,1,0,1,1,1,1
2880,42,15,73,94545,3,2.33,2,0,0,0,0,0
4077,49,23,22,92220,1,0.3,3,0,0,0,0,0
1859,35,11,65,90747,3,2.8,1,240,0,0,1,0
3865,62,32,142,95112,2,2.8,3,0,0,0,0,1
4049,27,2,48,90049,2,1.6,3,119,1,0,1,0
751,29,5,138,93106,2,4.33,1,0,0,0,1,0
3975,46,21,41,94305,1,0.5,3,0,0,0,0,0
794,24,-2,150,94720,2,2.0,1,0,0,0,1,0
3131,23,-2,82,92152,2,1.8,2,0,1,0,0,1
2455,54,29,23,93955,1,1.5,2,0,0,0,0,0
4917,29,5,123,90291,2,0.6,1,0,0,0,1,0
2535,56,30,90,94402,1,1.9,2,0,0,0,1,0
1177,29,3,103,90049,4,3.4,1,0,0,0,1,0
680,55,31,103,92093,3,1.8,2,364,0,0,0,0
2777,46,20,140,93106,2,6.3,1,380,0,0,1,1
1820,60,34,59,94110,1,1.6,1,231,0,0,1,0
3242,41,15,55,94305,1,2.8,1,0,0,0,0,0
977,54,30,24,94109,4,0.2,1,0,1,0,0,0
3717,55,29,65,91773,3,2.5,1,0,0,0,0,0
1209,50,26,48,91711,1,1.6,2,0,0,0,0,1
3653,35,9,69,94704,4,2.2,2,0,0,0,0,1
939,62,37,19,95818,4,0.4,2,124,1,0,0,0
1455,51,25,148,90024,1,1.0,1,0,0,0,0,0
4132,48,23,23,94534,4,0.4,2,122,0,0,0,0
734,49,24,80,92009,1,1.2,1,0,0,0,1,0
1640,56,31,68,94571,2,0.0,3,0,1,0,1,0
899,57,32,63,94111,4,0.7,1,0,0,0,1,0
2031,63,38,111,95814,2,3.9,1,207,1,1,1,1
3038,27,2,158,95060,3,0.4,2,0,0,1,1,0
4398,48,23,19,90058,1,0.1,1,0,0,0,1,0
3894,30,5,40,92521,4,1.7,2,0,0,0,1,0
2078,34,9,160,94108,4,8.0,3,0,0,0,0,1
3065,59,33,83,94701,3,4.4,1,0,0,0,1,0
1428,31,5,85,95828,2,1.3,1,119,0,0,1,1
2687,50,24,81,95053,2,0.4,3,0,0,0,0,0
4567,24,0,131,92831,1,5.4,1,0,0,0,1,0
3817,55,30,70,94904,3,2.0,2,0,0,0,1,1
689,44,20,71,94304,4,1.9,1,207,0,0,1,0
1439,63,37,90,94105,4,1.9,2,106,1,0,1,0
1204,62,37,50,91311,3,2.4,1,0,0,0,1,0
4433,53,27,50,92660,2,0.8,3,0,0,0,1,0
3441,26,1,39,95133,4,0.6,2,0,0,0,0,1
1669,63,37,20,90066,1,0.8,2,0,1,0,0,1
3061,64,38,168,94061,4,5.7,3,0,0,0,1,0
4675,40,14,93,93933,1,2.8,3,328,1,1,1,1
795,54,29,44,91301,2,2.3,3,0,0,0,1,0
962,35,9,30,94114,4,1.0,1,163,0,0,1,0
2565,43,16,25,94126,3,1.0,2,0,0,0,1,0
3289,56,30,140,94122,4,0.5,1,292,0,0,0,0
1356,61,37,48,91910,1,0.8,1,158,0,0,1,0
1147,31,7,71,90034,1,0.1,1,78,1,0,0,0
1035,49,23,84,90095,3,2.1,1,134,1,0,1,0
3277,55,31,159,92123,1,3.9,3,0,0,0,0,0
4104,44,20,52,94143,1,0.8,3,196,0,0,0,1
4293,63,37,191,94131,2,4.3,3,205,0,0,0,0
4413,34,10,19,91711,4,0.4,2,0,0,0,0,0
80,50,26,19,94720,2,0.4,1,118,0,0,1,0
2761,32,7,49,94080,3,2.3,1,0,0,0,1,0
1270,36,11,14,92673,4,0.2,3,100,0,0,1,1
4661,59,35,38,92122,1,0.8,1,0,0,0,1,0
1135,39,14,42,95616,1,2.5,3,0,0,0,1,0
4880,40,15,43,90095,4,1.7,1,98,0,0,0,0
1837,44,19,74,90041,4,1.9,3,0,0,0,0,0
1868,65,39,21,94553,2,0.4,1,0,0,0,0,0
54,50,26,190,90245,3,2.1,3,240,0,0,1,0
4804,48,24,48,92064,2,2.1,3,0,0,0,1,0
4541,56,32,64,90210,4,1.5,1,0,0,0,1,0
3047,37,12,63,95630,3,2.3,1,0,0,0,1,0
843,34,10,54,92101,3,2.0,1,0,0,0,0,0
3062,38,13,81,90095,1,4.0,3,206,1,0,1,0
3836,33,9,131,90065,3,2.2,3,0,1,0,0,0
3507,27,1,58,95827,4,1.8,2,154,0,1,1,1
4128,43,19,82,95758,2,1.8,2,0,0,0,1,1
2058,37,12,125,91754,2,3.9,1,0,0,0,1,1
3647,34,9,141,92056,3,6.9,2,260,0,0,1,0
527,26,2,205,93106,1,6.33,1,271,0,0,0,1
3293,25,-1,13,95616,4,0.4,1,0,1,0,0,0
3110,60,34,40,93940,3,2.2,3,0,1,0,1,0
3320,60,35,153,95136,3,2.0,3,0,0,0,0,1
1017,30,5,69,94720,1,0.8,2,0,1,0,1,0
847,51,27,93,92154,1,2.7,1,0,0,0,1,0
4437,60,35,33,90095,2,0.5,2,0,0,0,1,0
4166,63,38,135,91768,2,3.8,3,183,0,0,0,0
3858,63,39,39,91711,1,1.9,2,0,0,0,0,0
4538,62,36,63,95929,1,2.5,3,0,0,0,1,1
3164,51,27,52,94132,2,1.0,3,0,0,0,0,0
398,26,2,48,90503,3,0.7,2,0,0,0,1,0
4464,39,13,69,94123,3,0.1,1,0,0,0,0,0
4898,43,18,44,91345,1,2.4,1,0,0,0,0,0
662,63,38,52,94720,2,2.8,1,0,0,0,1,0
2390,27,1,41,90033,1,1.9,3,0,0,0,0,1
2208,38,12,180,90245,1,2.8,3,158,0,0,1,0
566,55,29,79,90210,3,0.8,1,0,0,0,1,0
917,44,20,85,92192,2,3.2,1,0,0,0,1,0
2108,41,17,85,90291,4,0.2,3,229,0,0,0,0
1891,52,27,184,90630,1,8.1,1,0,0,0,0,0
994,41,15,185,91775,1,3.6,2,0,0,0,0,0
3338,59,29,61,92008,3,2.0,3,0,0,0,1,0
4570,47,21,49,92152,3,2.2,2,0,1,0,0,0
2221,65,40,80,94105,1,0.8,3,0,0,0,1,0
620,57,27,73,93106,1,3.0,3,0,0,0,0,0
4152,44,18,123,95841,3,5.9,1,0,0,1,1,1
3456,43,19,28,93010,3,0.5,1,0,0,0,1,1
1873,43,17,98,94402,3,1.1,1,0,0,0,0,0
3719,45,19,8,92833,2,0.1,3,0,0,0,0,1
2274,27,1,83,91775,4,2.1,3,0,0,0,1,1
127,31,5,115,92096,2,1.3,1,101,0,0,1,1
1430,31,5,35,95064,1,0.6,3,171,0,0,0,0
2939,33,9,61,93943,3,2.6,2,0,0,0,1,0
4168,48,24,144,94025,4,3.5,2,0,0,0,0,0
432,39,13,75,94305,3,2.1,1,224,0,0,1,0
2795,52,26,35,94550,4,1.8,1,0,0,0,1,0
820,56,30,45,90024,4,1.5,3,0,0,0,0,0
1184,50,25,35,94105,3,1.7,2,0,0,0,1,1
103,53,23,44,93555,3,1.0,3,198,0,0,1,1
592,30,5,51,92037,1,1.0,1,0,0,0,1,0
376,33,7,90,92346,3,1.6,1,0,0,0,1,0
4404,50,24,112,92064,1,0.0,1,0,0,0,0,0
573,39,15,128,92333,1,3.4,1,0,0,0,0,0
3945,56,26,62,91320,3,1.4,3,0,0,0,1,0
32,40,16,29,94117,1,2.0,2,0,0,0,1,0
1658,31,5,28,94538,3,1.0,1,0,0,0,1,0
267,63,38,61,94720,2,1.5,1,0,0,0,1,0
4574,46,20,73,95616,2,0.8,3,264,0,1,1,1
4050,54,28,82,94122,4,2.6,3,294,0,0,0,0
4360,38,12,58,95054,2,2.8,1,0,0,0,1,0
175,42,17,168,95503,2,7.9,2,0,0,0,1,0
1252,39,13,31,95120,2,0.8,3,0,0,0,0,0
3844,32,7,129,94720,4,5.2,2,0,0,0,0,1
111,41,14,9,91330,3,1.0,2,0,0,0,0,0
839,45,20,29,92507,4,1.9,3,0,0,0,0,0
1196,32,7,123,92407,2,2.9,2,0,0,0,1,0
4289,42,17,28,94010,1,0.6,3,0,0,0,0,1
1854,51,25,60,90401,4,2.6,1,97,0,0,1,0
1061,59,34,23,93111,1,0.1,1,0,0,0,0,1
1812,28,3,11,94534,4,0.5,3,0,0,0,0,0
4221,54,30,39,94806,4,0.1,3,0,1,0,1,0
3696,61,35,60,90272,1,2.8,2,0,0,0,1,0
2046,52,28,44,95051,4,0.9,2,107,0,0,1,0
769,43,19,72,90024,2,1.7,1,0,0,0,1,0
4848,37,11,65,94143,2,2.4,2,260,0,0,1,0
4288,54,28,42,95207,4,2.5,1,0,0,0,1,1
3105,56,31,48,91775,2,2.1,3,0,0,0,0,1
3136,25,0,91,95039,2,1.8,2,321,0,0,0,0
4862,49,24,18,95616,1,0.4,3,121,0,0,1,0
2929,31,6,175,95005,2,6.7,1,0,0,0,1,0
593,44,20,79,95051,4,2.0,3,0,1,1,1,1
3022,54,28,159,90245,2,0.5,1,461,0,0,1,0
3497,37,13,49,91711,4,2.0,3,192,0,0,0,0
1916,37,11,69,91911,3,2.1,1,0,1,0,0,0
3827,43,19,132,90089,1,5.0,1,0,0,0,0,0
567,53,28,175,95060,3,3.6,3,0,0,1,1,1
507,51,25,44,94608,3,0.9,3,0,0,0,0,0
2067,41,16,30,95814,2,1.4,2,0,0,0,0,1
2714,44,18,129,92028,1,5.7,1,0,0,0,1,0
431,51,26,113,94086,1,1.3,3,161,0,0,1,0
4308,45,19,128,94928,4,6.0,3,0,0,0,1,0
162,61,35,80,95053,2,2.8,1,0,0,0,1,0
2291,38,13,78,91942,4,0.7,3,0,0,0,1,0
191,60,36,93,92521,1,4.3,1,0,0,0,1,0
3450,57,32,135,90095,3,4.8,2,0,1,1,1,0
257,26,0,99,92697,4,2.3,3,0,0,0,0,1
3347,41,15,65,92037,2,2.8,1,0,0,0,1,1
1342,42,16,55,91355,2,0.7,1,149,0,0,0,0
3175,49,24,35,94701,4,0.2,2,0,0,0,0,1
2865,65,41,84,95762,2,0.0,3,0,0,0,1,1
1405,58,28,75,92121,1,1.4,3,0,0,0,1,0
1566,34,9,104,95758,3,1.2,3,0,0,0,1,0
1824,33,8,125,91320,1,0.0,1,0,0,0,1,1
4271,45,19,19,93117,3,1.5,1,94,0,0,1,1
4837,54,24,72,93943,3,1.4,3,218,0,0,0,1
4951,47,23,19,90089,1,1.0,1,0,0,0,0,1
2002,44,17,128,94928,2,3.25,2,0,0,0,0,1
2446,47,23,25,93106,1,0.9,3,0,0,0,1,0
3987,38,14,182,92152,3,2.6,3,0,0,1,1,1
3102,55,31,91,93555,2,2.8,1,0,0,0,0,0
2321,46,22,84,92692,4,2.0,3,0,0,0,1,0
4670,27,1,64,94501,4,1.8,2,0,0,0,1,1
3452,54,30,70,92182,1,1.6,3,251,0,0,1,1
2281,33,7,30,94920,2,2.0,3,132,0,0,0,0
2850,45,21,158,94085,2,6.67,1,132,0,0,1,1
3224,43,18,29,95126,1,0.5,3,0,0,0,1,0
3168,62,38,58,94720,4,1.2,2,228,0,0,0,1
1449,41,16,49,92122,3,0.5,3,0,0,0,1,0
119,41,16,73,92647,3,3.0,1,0,0,0,1,0
2454,43,19,60,94104,3,2.1,3,0,0,0,1,0
2668,63,39,58,94112,1,0.0,2,0,0,0,1,0
1517,41,17,49,92130,4,2.2,2,0,0,0,0,0
633,57,32,165,94720,4,2.7,3,0,0,0,1,0
497,50,24,83,94301,2,0.4,3,0,0,0,1,0
1424,55,30,64,90250,2,2.3,3,0,0,0,0,0
1412,65,39,184,91302,1,5.4,3,176,0,1,1,1
1540,29,5,21,90601,3,0.9,3,119,0,0,0,0
3147,26,1,38,91910,4,1.7,2,0,0,0,1,0
3898,56,31,64,90245,2,2.3,3,0,0,0,0,0
4853,38,12,33,94708,4,1.5,3,0,1,0,0,1
3407,42,12,34,92177,3,2.0,3,0,0,0,0,1
1379,54,29,34,93305,4,0.1,3,0,0,0,1,0
4488,38,14,81,94583,1,3.6,2,0,0,0,1,1
2416,45,21,11,94143,4,0.2,1,106,0,0,1,1
3770,29,4,134,90095,2,3.3,1,204,0,0,0,0
4529,48,23,48,94086,1,0.3,1,0,0,0,0,0
1524,41,16,104,92037,1,1.0,3,0,0,0,1,0
2899,27,1,140,91711,1,5.9,2,175,1,1,1,0
3282,51,25,62,95014,2,1.5,2,0,0,0,1,1
663,65,41,185,93561,3,2.0,2,0,0,0,0,0
4029,46,20,64,94117,4,2.9,1,189,0,0,0,0
3978,54,27,51,94309,3,1.0,2,113,1,1,1,1
3699,38,12,59,96001,3,0.5,3,0,1,1,1,1
2641,39,13,81,94309,2,2.8,1,0,0,0,1,0
2115,62,36,69,95039,2,1.7,3,0,0,0,1,0
4412,23,-2,75,90291,2,1.8,2,0,0,0,1,1
4266,27,2,44,93943,4,0.6,2,0,1,1,1,0
3050,60,35,125,94720,2,3.9,1,0,0,0,0,0
4600,49,25,149,90024,2,0.4,1,0,0,0,1,0
3000,60,34,44,94143,1,0.2,1,0,0,0,0,1
3361,48,24,133,90740,1,5.0,1,0,0,0,0,0
2411,29,4,130,92630,2,6.7,1,0,0,0,0,1
4792,59,35,43,91791,4,0.4,1,0,0,0,0,1
1301,61,36,23,91754,2,0.5,2,103,0,0,1,0
274,41,16,65,90095,3,0.5,3,0,0,0,1,0
4474,31,5,18,92115,2,0.3,1,124,0,0,1,1
1650,29,4,73,95039,1,0.8,2,0,0,0,1,0
3420,35,10,34,95503,4,1.7,1,87,0,0,1,1
3032,51,25,29,90212,1,1.4,3,102,0,0,0,1
3467,33,6,53,94122,2,1.0,2,96,0,0,0,1
3177,48,24,14,91330,3,0.4,1,0,0,0,1,0
3457,46,22,125,94536,2,4.7,3,0,0,0,1,0
3156,55,29,62,92626,3,0.3,2,0,0,0,1,0
3732,34,8,10,92867,1,0.4,2,0,0,0,1,0
1485,55,30,40,94126,2,2.3,3,0,1,0,1,0
3390,27,3,88,92182,3,0.8,1,238,0,0,0,0
4911,48,22,120,90291,1,0.0,1,0,0,0,1,0
2087,36,12,84,90291,1,0.8,2,0,0,0,1,1
3003,37,13,95,90095,2,1.7,2,83,0,0,0,0
2063,57,31,55,92521,3,2.5,1,219,0,1,1,1
3350,55,25,95,92407,2,4.5,3,275,0,0,0,0
3495,29,2,31,91330,4,1.5,2,0,0,0,0,0
1645,59,35,33,91355,4,0.4,1,131,0,0,0,1
3128,40,14,61,94539,4,0.2,3,0,0,0,1,0
3860,50,24,62,90245,1,1.4,3,0,0,0,0,0
182,36,12,10,93524,4,0.7,2,81,0,0,0,0
209,40,16,73,94110,4,2.67,1,0,0,0,1,1
3360,43,19,45,91773,3,0.6,2,0,0,0,0,0
3750,43,19,70,90095,3,2.33,1,0,0,0,1,0
336,56,32,122,95827,2,0.3,1,360,0,1,1,1
2447,25,1,70,93010,4,2.6,1,218,0,0,1,0
4160,45,20,70,94305,4,1.9,3,0,0,0,1,1
3212,35,9,83,90277,2,4.5,3,0,0,0,1,0
1855,52,25,41,95403,3,1.0,2,0,0,0,1,0
317,57,31,165,95054,1,1.6,2,0,0,0,1,0
3279,31,6,132,94571,1,3.8,1,0,0,0,1,0
4143,57,32,70,90024,3,1.6,3,0,0,0,0,0
2543,54,30,79,92630,4,1.6,2,0,0,0,1,0
1527,36,10,80,94608,4,2.2,2,0,0,0,1,0
1913,42,16,191,94304,3,4.8,2,0,1,1,1,0
4748,49,25,91,94704,4,1.4,2,0,0,0,1,0
4390,58,32,40,90057,1,1.6,1,0,1,1,1,1
2660,60,35,43,91763,3,0.9,3,175,0,0,0,0
3433,47,23,32,95370,1,1.0,1,0,0,0,0,1
3056,28,2,111,94305,4,2.3,3,0,0,0,1,0
745,45,20,154,94720,2,2.8,1,0,1,0,1,0
2267,38,13,143,94550,1,4.1,1,0,0,0,0,0
1719,40,16,19,92028,4,0.4,2,0,0,0,1,1
406,36,11,133,90245,1,3.8,1,290,1,1,1,1
3039,34,8,39,92124,4,0.2,1,115,0,0,1,0
4839,56,30,44,91330,4,2.5,1,0,0,0,0,1
4017,53,28,173,91614,4,2.7,1,427,0,0,1,0
3910,33,7,111,90245,2,1.3,1,0,0,0,1,0
546,43,19,28,94303,4,0.3,1,87,0,0,0,0
77,58,32,12,91320,3,0.3,3,0,0,0,0,0
2399,53,29,90,95053,2,0.3,1,217,1,0,0,1
3096,49,25,43,94109,1,1.6,2,0,0,0,1,1
4735,63,39,64,95814,1,1.8,3,147,0,0,1,1
95,65,39,121,92612,1,2.0,1,0,0,0,0,0
1678,34,10,42,92173,1,1.5,2,131,0,0,0,0
415,52,28,41,94309,3,1.9,2,0,0,0,0,1
1398,65,41,45,95521,3,0.1,3,0,0,0,1,0
3657,35,8,30,95014,4,1.0,2,0,1,0,0,0
2767,58,32,108,95123,3,4.4,1,0,0,0,1,0
3471,57,31,175,90503,2,0.5,1,429,0,0,1,1
1288,42,18,54,94010,4,2.2,2,0,0,0,0,0
3665,48,24,43,91791,3,1.9,2,0,0,0,1,0
2307,37,13,82,92373,2,2.2,1,0,0,0,0,0
758,52,28,81,91745,3,1.8,2,0,1,0,0,0
4504,45,21,33,92374,3,0.5,1,108,0,0,1,0
2776,38,13,163,95039,1,4.1,1,0,0,0,0,0
4559,44,19,82,95521,2,0.4,1,0,0,0,1,1
4184,41,17,140,94542,1,3.5,1,342,0,0,0,0
886,31,5,30,94304,4,0.3,2,0,0,0,1,0
4161,30,4,11,95054,1,0.1,2,0,0,0,1,1
4563,65,40,64,94928,2,1.5,1,0,0,0,0,1
17,38,14,130,95010,4,4.7,3,134,0,0,0,0
1081,47,22,24,90717,4,0.4,2,142,0,0,1,0
2595,48,23,79,94024,1,0.2,2,0,0,0,0,0
4596,32,7,101,90232,4,2.2,2,0,0,0,1,0
2946,45,19,30,94305,3,0.5,2,0,0,0,1,1
698,42,17,85,92648,1,3.7,3,0,0,0,1,0
2195,34,9,123,94553,1,1.6,2,0,0,0,1,0
3494,54,28,33,94710,2,0.4,3,0,0,0,1,0
4528,41,16,18,90024,1,0.6,3,0,0,0,0,1
3195,41,15,65,90019,3,0.5,3,0,0,0,0,0
637,40,16,120,92037,2,6.1,1,196,0,0,1,0
542,30,6,141,95014,2,4.33,1,0,0,0,0,0
4309,44,20,132,94115,3,2.6,1,308,0,0,0,0
2729,39,13,58,94555,3,2.1,1,247,0,0,1,0
474,64,39,182,93955,1,1.2,2,547,0,0,1,0
4331,62,37,44,90401,1,1.1,3,0,0,0,0,0
2298,59,35,31,94063,3,0.4,2,0,0,0,1,1
4772,36,11,85,90502,3,1.2,3,0,0,0,1,0
4185,51,25,99,90277,2,2.4,2,0,0,0,0,0
704,41,17,141,94022,2,7.6,1,92,0,0,0,0
3550,33,7,92,90840,3,1.6,1,0,0,0,0,0
556,34,8,35,92037,4,0.8,1,137,0,1,1,1
4330,59,33,10,94063,4,0.7,3,0,0,0,1,0
462,55,30,81,92123,2,3.7,1,0,1,0,0,0
2550,41,15,63,95060,1,0.7,3,79,0,0,0,1
979,52,26,68,92068,1,0.8,3,0,0,0,1,1
4019,59,35,161,94301,1,2.9,1,160,0,0,0,1
3694,52,27,28,93117,3,1.7,2,0,0,0,0,0
74,41,16,85,94606,1,4.0,3,0,0,0,1,1
718,59,34,94,93940,3,0.5,1,0,0,0,0,1
4595,53,27,31,91320,3,0.9,3,78,0,0,1,0
4158,34,10,22,94545,3,0.9,3,0,0,0,1,0
4545,28,4,80,95819,3,2.5,1,0,0,0,1,0
3223,49,23,81,93107,2,0.8,3,0,0,0,0,0
1953,30,5,78,92037,1,2.6,2,0,0,0,1,0
2190,48,23,128,94309,1,0.6,1,0,0,0,1,1
3821,32,7,61,94102,3,2.3,1,205,0,0,1,1
1066,25,1,113,90401,3,2.5,1,0,0,0,0,1
1695,48,23,35,94025,4,0.4,2,118,0,0,0,0
3008,63,37,11,91711,1,0.8,2,102,0,0,0,1
4407,50,25,24,95133,4,0.4,2,137,0,0,1,0
4497,51,25,45,95616,4,2.6,1,0,0,0,0,0
833,36,10,31,90630,4,1.2,2,0,0,0,0,0
1735,35,10,79,94720,4,2.1,3,182,0,0,1,0
4145,47,23,138,91367,2,3.3,1,0,0,0,1,1
1352,59,35,84,94588,1,1.8,3,0,0,0,1,1
1957,42,18,89,94539,4,0.8,1,184,0,0,0,0
4042,45,19,40,95060,1,0.2,1,0,1,1,1,1
866,60,34,22,92037,3,0.3,3,139,0,0,1,1
3099,41,16,21,92024,2,0.1,2,0,0,0,0,0
1478,40,14,64,91320,4,0.2,3,0,0,0,1,1
901,30,4,51,94709,4,0.2,1,172,0,0,0,1
3489,40,15,51,94117,2,1.1,2,131,0,0,1,0
1166,43,19,113,91203,1,1.7,1,0,0,0,0,0
4952,53,27,65,92124,1,2.2,3,0,0,0,1,1
1275,62,37,61,93117,4,1.7,1,0,0,0,0,0
2736,36,12,70,92131,3,2.6,2,165,0,0,1,0
3167,29,4,80,90028,1,0.8,2,0,0,0,1,1
3586,45,18,45,92037,3,1.0,2,0,0,0,1,0
3773,35,10,152,94112,2,3.0,1,0,0,0,1,0
2830,35,9,82,94720,1,2.5,1,138,0,0,0,0
4527,36,9,40,92518,2,1.67,2,129,1,0,1,0
2159,50,25,83,94720,4,3.1,1,0,0,0,0,1
564,51,27,12,94608,4,1.0,1,0,0,0,1,0
2487,61,36,130,92717,1,1.3,1,257,0,0,0,0
1454,29,5,85,90232,3,2.5,1,0,0,0,1,1
1721,52,28,8,95060,1,0.3,1,0,0,0,1,0
3753,55,30,82,93003,4,1.3,3,219,0,0,0,1
3117,36,10,21,92008,3,0.1,2,0,0,0,0,1
2373,34,10,45,93943,3,2.8,1,153,0,0,1,1
3976,50,23,25,91330,1,0.5,2,0,0,0,1,0
2857,36,10,172,94704,4,1.0,2,295,0,0,1,0
1974,47,22,11,92192,2,0.0,1,78,0,0,0,0
2635,34,9,75,94303,1,2.8,1,194,0,0,0,0
844,64,39,73,94720,3,2.4,1,0,0,0,1,0
4389,47,21,123,90840,1,7.3,1,0,0,0,0,0
3549,40,16,41,91107,1,2.0,2,0,0,0,0,1
2282,57,32,31,95039,3,1.3,2,0,0,0,1,1
3051,50,25,58,92131,1,1.3,2,0,0,0,1,0
3754,30,4,34,95351,2,0.3,2,0,0,0,1,1
4139,47,22,114,95819,1,0.6,1,0,1,1,1,1
4824,46,21,115,95616,2,4.2,3,0,1,1,1,1
3850,42,18,34,92653,1,2.0,2,0,1,0,0,0
3528,35,10,24,95054,4,1.1,3,0,0,0,0,0
943,55,29,30,91320,4,0.7,2,0,0,0,0,1
4955,45,19,22,94904,3,1.5,1,0,0,0,1,1
2042,45,20,180,95403,3,8.5,2,535,0,0,0,0
3434,34,9,60,94306,4,1.3,1,0,1,0,0,0
4782,35,9,25,94526,3,0.1,2,0,1,0,1,0
3301,62,38,43,92354,1,1.9,2,0,0,0,1,0
2659,30,4,44,94304,1,1.5,1,109,0,0,0,0
374,49,25,20,90291,4,1.0,1,111,0,0,1,1
3745,54,29,79,90025,3,1.6,3,0,0,0,0,0
45,46,20,104,94065,1,5.7,1,0,0,0,1,1
3994,30,6,13,93555,3,0.9,3,0,0,0,1,0
3302,48,22,59,90086,4,2.6,1,0,0,0,1,1
4903,33,8,58,90505,2,2.5,1,0,0,0,1,0
2791,47,22,44,95821,1,1.4,3,0,0,0,1,1
3640,51,26,191,94063,1,8.1,1,0,1,0,1,0
669,66,41,18,94010,3,0.5,1,0,0,0,0,0
1190,42,17,115,92717,2,0.4,1,0,0,0,1,0
1878,51,24,78,90037,1,2.67,2,0,0,0,1,0
617,40,14,33,94025,2,1.4,3,0,0,0,1,1
558,39,15,118,95039,2,1.9,1,0,0,0,0,1
414,32,7,42,92407,3,2.3,1,0,0,0,1,0
1641,36,10,55,90009,1,2.0,1,95,0,0,1,0
294,45,19,93,90095,4,2.6,3,0,0,0,0,0
4365,59,35,75,92121,4,2.3,3,0,1,0,0,0
1154,55,30,55,92821,4,0.9,1,215,0,0,1,1
4993,30,5,13,90037,4,0.5,3,0,0,0,0,0
1879,56,30,59,95833,3,0.8,1,159,1,0,1,0
260,56,30,55,94107,1,1.4,1,77,0,0,1,0
438,36,9,31,95825,4,1.0,2,0,1,0,1,0
1131,58,32,191,94402,1,2.9,1,0,0,0,0,0
966,62,36,135,94301,2,5.2,2,0,0,0,1,0
1091,31,5,79,94720,4,2.2,2,0,0,0,0,0
1189,45,19,58,94305,2,0.4,3,0,1,0,0,1
2214,61,37,45,94610,1,0.8,1,0,0,0,0,0
3504,29,3,53,95814,4,2.1,3,0,0,0,1,0
4284,58,32,62,91320,3,2.2,3,217,0,1,1,1
878,35,11,59,95123,4,0.1,2,0,0,0,0,0
1762,52,27,45,94720,2,2.0,2,121,0,0,0,1
1902,43,19,201,94305,2,6.67,1,0,1,0,1,0
2122,41,17,38,92182,4,2.2,2,180,0,0,0,1
3498,55,31,134,92130,2,0.3,1,0,0,0,0,0
518,54,27,43,92834,3,1.0,2,169,0,0,0,0
4893,43,19,35,94112,1,0.3,3,120,1,0,1,0
2432,56,31,54,91380,4,2.1,1,0,0,0,1,0
1994,30,5,122,94545,2,3.1,1,0,0,0,0,0
4746,49,23,129,94085,1,0.3,1,0,0,0,1,1
3846,26,1,54,94061,4,0.6,2,230,0,0,0,0
1281,65,40,98,95064,3,1.8,2,333,0,0,0,0
3292,53,28,38,94998,1,1.3,2,0,0,0,1,0
4190,45,19,93,91116,2,1.7,2,0,0,0,0,0
3885,27,1,112,91330,4,2.3,3,402,0,0,1,1
1876,27,3,112,90066,3,2.5,1,389,1,0,1,0
3676,60,34,110,92126,2,2.0,1,0,0,0,1,0
1362,50,26,38,95039,4,0.9,2,0,0,0,1,0
2048,63,38,134,90640,3,4.0,2,0,0,0,0,1
105,56,32,38,93311,4,1.3,1,166,0,0,1,1
4931,63,38,110,90095,3,1.8,2,109,0,0,1,0
2851,58,34,125,94720,1,4.3,1,219,0,0,0,0
2316,52,26,182,95818,2,1.4,2,0,0,0,1,0
2713,31,7,32,91320,1,1.7,1,0,0,0,1,0
2347,52,26,59,92660,2,1.5,2,239,0,0,0,1
123,58,32,73,94523,2,0.7,2,0,0,0,1,1
178,29,3,65,94132,4,1.8,2,244,0,0,0,0
1698,64,38,32,90065,3,0.7,2,0,0,0,1,1
1287,29,3,50,94010,3,1.1,2,0,0,0,0,1
3619,35,8,48,92697,2,1.0,2,0,0,0,1,0
2313,48,22,83,91345,2,2.4,2,0,0,0,1,0
2394,53,28,14,94005,4,0.8,1,0,0,0,1,1
4949,44,20,43,95032,1,0.7,1,0,0,0,0,1
2494,34,9,49,94025,1,2.5,3,0,0,0,0,0
3685,57,31,51,92093,4,1.7,2,103,0,0,1,0
3934,39,14,40,91302,1,2.5,3,0,0,0,1,0
3034,43,19,130,90630,2,4.7,3,221,0,0,0,1
4491,35,9,142,90250,2,0.0,1,0,1,0,1,0
1707,56,31,84,92672,1,0.1,3,0,0,0,1,0
1880,56,30,78,90401,3,1.7,2,0,0,0,0,0
3857,56,30,81,90401,4,2.6,3,0,0,0,1,0
129,38,14,74,92182,2,0.0,1,0,1,0,1,0
4275,30,3,79,91380,4,2.0,2,0,0,0,1,0
1932,28,2,140,92122,2,2.0,1,0,0,0,1,0
4426,26,0,164,95973,2,4.0,3,301,0,0,1,0
1507,52,27,25,95138,2,0.0,1,0,0,0,1,1
4458,55,29,81,92843,3,1.7,2,171,0,0,1,0
2472,36,11,44,91040,2,1.1,2,85,0,0,1,0
4226,43,18,204,91902,2,8.8,1,0,0,0,1,0
2726,63,38,138,92675,1,2.5,1,0,0,0,1,0
3669,38,13,129,92037,4,0.3,3,75,0,0,1,0
4264,59,33,18,94542,2,0.2,3,0,0,0,0,0
4349,59,33,99,92093,2,2.7,1,0,0,0,0,0
1137,47,21,65,94086,1,1.5,2,0,1,0,1,0
3686,53,27,93,94588,1,0.8,3,313,0,0,0,0
4975,59,33,64,92867,4,1.7,2,0,0,0,0,1
879,33,3,74,95616,4,4.0,3,0,0,0,0,0
628,45,19,70,92677,3,2.1,1,0,0,0,1,0
337,36,12,65,95051,3,2.6,2,0,0,0,1,0
2094,48,23,75,94111,4,3.6,3,0,0,0,1,1
2329,27,2,130,92182,3,4.4,1,192,0,0,1,0
2917,46,20,40,92037,1,1.2,2,0,0,0,1,0
2290,59,35,68,93117,1,1.8,3,95,0,0,0,0
3045,41,16,15,94124,2,0.3,2,83,0,0,0,0
4041,57,32,44,90266,2,1.9,2,157,0,0,0,0
1108,47,21,79,94110,3,1.1,1,185,0,0,1,1
841,27,3,94,92373,2,0.2,1,310,0,0,0,1
2110,47,23,178,93014,1,6.5,3,0,0,0,0,0
1186,43,19,31,94025,3,0.5,1,0,0,0,0,0
909,66,36,55,93023,4,1.67,3,0,0,0,0,1
4565,58,32,28,90095,2,0.3,1,148,0,0,0,0
1145,49,24,91,95822,1,2.8,2,0,0,0,0,0
4117,24,-2,135,90065,2,7.2,1,0,0,0,1,0
2101,31,6,145,93940,1,0.8,1,84,0,0,1,0
944,30,4,80,94701,4,1.8,2,0,0,0,0,0
1870,55,30,44,94025,2,2.0,2,0,0,0,1,0
2379,30,5,61,95605,1,0.8,2,251,1,1,1,0
4682,27,3,68,95503,4,0.0,1,0,0,0,0,1
4263,58,33,42,92093,4,1.7,1,0,0,0,0,0
2180,49,23,68,90024,1,1.5,2,0,0,0,0,0
3014,45,21,183,90029,2,1.4,1,0,0,0,1,1
147,46,19,84,94102,1,2.67,2,0,0,0,1,1
3404,54,29,82,94709,3,3.7,2,0,0,0,1,0
3026,58,32,128,94609,2,2.7,1,344,0,0,0,0
3406,55,30,50,94061,2,2.1,3,0,0,0,1,0
3259,41,17,42,91910,4,2.2,2,185,1,0,1,0
553,28,3,52,90024,4,2.2,1,230,0,0,1,0
2015,49,19,169,95054,3,5.67,3,167,0,1,0,1
3716,29,5,124,92037,2,0.2,1,0,0,0,0,1
1680,57,31,114,94590,4,5.2,1,0,1,1,1,0
4581,50,24,102,91103,2,6.3,1,0,0,0,1,0
3946,29,3,123,92821,3,5.6,3,428,0,0,1,0
3513,46,20,70,90405,4,2.9,1,0,0,0,0,1
682,34,9,164,94720,1,6.0,3,0,0,0,1,0
3228,31,7,18,94720,1,0.4,3,0,0,0,1,0
2034,49,23,83,92126,1,0.3,1,0,0,0,1,1
940,56,32,8,93943,2,0.3,1,0,0,0,1,1
499,32,8,43,95023,1,2.1,3,0,0,0,0,1
3419,57,31,40,91775,3,1.4,3,0,0,1,1,1
3446,37,13,38,94701,1,1.5,2,116,0,0,0,1
3197,37,7,73,94043,4,1.8,3,0,0,0,1,1
2852,61,36,81,95449,3,1.8,2,0,0,0,1,0
2460,62,37,41,95060,3,0.9,3,0,0,0,1,1
3234,46,20,111,95037,1,0.0,1,329,0,0,0,0
819,51,27,42,95039,4,1.1,2,0,0,0,1,1
1544,52,26,101,93407,2,2.4,2,0,0,0,1,0
3622,53,27,81,91730,3,1.7,2,193,0,0,1,0
4182,47,22,22,90024,1,0.4,3,0,0,0,1,0
3469,43,19,113,93933,2,1.8,2,0,0,0,0,1
785,48,22,98,94115,2,6.3,1,0,0,0,0,0
211,51,26,20,92131,2,0.0,1,0,0,0,0,0
1373,39,13,139,95616,3,3.4,1,483,0,0,1,0
1818,36,11,9,94604,4,0.2,3,0,0,0,0,1
4039,55,30,54,91367,3,1.7,1,0,0,0,1,0
1381,60,34,105,92103,2,1.4,1,0,0,0,1,0
1501,54,28,74,95014,2,1.1,1,0,0,0,1,0
3119,64,39,114,90095,1,0.8,3,0,0,0,1,0
960,49,24,68,94143,1,0.2,2,163,0,0,0,0
1201,36,12,22,92507,4,1.0,1,91,1,0,1,0
2044,57,32,25,90049,2,0.2,3,0,0,0,1,1
4534,59,34,19,95762,2,0.5,2,0,0,0,1,0
3074,29,5,149,94611,1,1.5,1,0,0,0,1,0
3375,57,31,61,91360,1,2.2,3,0,0,0,0,0
1845,65,40,21,92717,3,0.1,3,0,0,0,0,1
786,46,22,164,94122,2,7.6,1,0,0,1,1,1
3474,59,34,52,92173,4,0.7,1,0,1,0,0,0
1384,65,41,105,95616,4,1.7,2,230,1,0,1,0
3397,52,28,65,93106,1,0.0,1,0,0,0,1,1
4926,64,39,82,94025,4,3.4,2,0,0,0,1,0
2990,42,18,142,93106,1,3.4,1,496,0,0,1,0
914,57,32,34,92507,2,2.0,2,0,1,0,0,0
3063,39,14,75,92521,1,0.1,2,297,0,0,0,1
3634,51,25,93,90048,1,0.3,1,0,0,0,1,0
1627,31,6,180,93108,2,6.7,1,0,0,0,0,0
3171,43,16,65,94110,3,2.67,2,100,0,0,0,0
2341,33,9,44,94112,1,1.2,1,0,0,0,0,0
651,47,22,122,90037,1,5.1,3,163,1,0,0,0
4655,44,17,69,90095,3,2.67,2,0,0,0,0,0
851,46,20,39,95054,1,0.2,1,0,0,0,0,0
1391,29,3,80,94305,4,1.8,2,0,0,0,1,1
259,35,9,24,95747,4,0.3,1,0,0,0,1,0
1766,26,0,149,95051,2,7.2,1,154,0,0,0,0
3866,56,30,64,93105,3,2.5,1,0,0,0,0,0
421,47,22,58,93105,4,3.6,3,0,0,0,1,1
3776,32,6,31,90275,2,2.0,3,0,0,0,1,1
170,27,1,112,90503,4,2.1,3,0,0,0,0,1
3540,56,30,60,91380,1,2.2,3,0,0,0,0,0
3134,30,5,73,93711,3,2.6,3,0,0,0,1,0
3500,49,23,114,94550,1,0.3,1,286,0,0,1,0
4845,31,6,81,90840,2,2.5,1,313,0,0,0,0
3702,58,33,95,90503,1,2.6,1,0,0,0,1,0
3085,26,0,129,90028,3,0.7,2,0,0,0,0,0
2735,56,31,64,94126,4,0.9,1,0,0,0,1,0
4550,53,29,41,94080,2,0.8,1,0,0,0,1,0
4430,55,29,140,94720,2,2.7,1,0,0,0,1,0
2893,58,32,43,92093,1,2.8,2,0,0,0,1,0
950,40,16,45,94720,3,0.6,2,204,0,0,1,0
3317,56,26,63,94501,3,2.0,3,0,0,0,1,0
4626,45,21,102,92037,4,4.7,2,81,0,0,0,0
2524,49,23,100,95403,2,6.3,1,0,0,0,0,0
1279,36,10,74,94305,1,2.5,1,0,0,0,0,1
754,49,23,49,94720,1,1.2,2,0,0,0,1,1
3617,41,15,69,92507,1,1.5,3,78,0,0,1,0
4436,46,21,34,90840,2,1.3,1,116,0,0,0,0
223,26,2,104,94306,3,2.5,1,0,0,0,0,0
2424,50,25,82,91335,1,1.3,3,0,0,0,1,0
2223,45,20,41,95008,1,0.3,1,0,0,0,1,0
3867,51,25,40,91401,4,1.8,1,0,1,0,0,1
2014,40,15,52,92691,3,0.8,3,113,0,0,1,0
1871,63,37,110,95032,1,4.1,3,0,0,0,0,0
3583,49,25,65,92354,1,0.0,1,0,0,0,1,0
2783,47,22,53,92691,1,0.3,1,213,0,0,0,0
2153,62,38,30,94304,3,0.1,3,128,0,0,1,0
1171,35,10,104,91320,3,0.6,2,0,0,0,0,1
2491,52,28,168,90404,3,6.5,3,118,0,0,1,0
3703,50,25,160,93108,4,4.3,3,410,0,0,0,0
1193,45,20,138,92870,1,7.0,1,0,0,0,0,1
3751,57,32,52,90266,3,0.5,2,0,0,0,1,0
2297,27,3,82,94305,2,0.2,1,0,0,0,0,1
3092,58,32,42,95020,3,1.4,3,158,0,0,0,1
803,36,12,51,92521,3,2.0,1,214,0,0,1,0
1149,41,15,108,90034,1,5.2,1,0,0,0,0,0
1317,28,3,51,94086,2,1.6,3,123,0,0,0,0
245,41,17,78,94025,4,0.8,1,78,0,0,1,0
1668,44,20,22,90024,1,1.0,1,91,0,0,0,0
2178,31,7,108,94507,1,4.0,1,0,0,0,1,0
2666,35,9,105,90064,2,4.5,3,0,0,0,0,0
3416,36,12,93,90720,2,2.2,1,0,0,0,1,1
2211,58,33,51,95006,2,1.9,2,0,0,0,0,0
3695,38,8,21,92037,1,0.67,3,0,0,0,1,0
4763,37,7,94,91016,4,1.8,3,232,0,0,1,0
2828,37,11,84,90266,4,2.2,2,0,0,0,1,1
2591,46,20,152,95814,1,7.4,3,374,0,1,1,1
3623,54,29,60,94901,4,3.8,2,0,0,0,1,1
4262,53,28,18,92507,4,0.8,1,0,0,0,0,0
2200,49,24,51,91016,1,1.3,2,98,0,0,0,1
2409,48,22,85,94105,3,1.1,1,203,0,0,1,0
2858,34,8,184,93106,3,7.5,1,0,0,0,0,0
4225,57,27,39,95929,3,1.0,3,0,1,0,0,1
3728,56,30,31,94117,2,0.3,1,109,1,1,1,1
3157,54,30,24,92647,1,0.1,2,0,0,0,0,0
2920,35,10,64,94542,3,2.3,1,0,0,1,1,1
1059,59,34,24,94105,2,0.2,3,86,0,0,1,0
20,55,28,21,94720,1,0.5,2,0,1,0,0,1
3476,54,30,13,92037,1,0.3,1,0,0,0,0,0
2026,47,20,79,94720,3,2.0,2,185,1,0,0,0
1067,30,5,125,90016,4,0.5,3,0,0,1,1,0
688,48,22,65,92120,2,1.5,2,0,0,0,1,0
4995,64,40,75,94588,3,2.0,3,0,0,0,1,0
1751,60,34,61,95521,4,1.7,2,229,0,0,0,0
3831,34,8,34,92130,2,2.0,3,0,1,0,1,0
860,63,37,124,92182,3,5.0,2,170,0,0,0,0
4154,50,26,148,94608,2,6.8,1,0,0,0,1,0
3106,30,4,23,94122,4,0.3,2,121,0,0,0,0
911,60,36,79,92120,1,1.8,3,0,0,0,0,1
443,58,28,122,95136,1,3.0,3,115,0,0,1,0
3723,42,17,60,93118,1,2.4,1,98,0,0,1,0
969,55,31,90,92868,1,2.7,2,0,0,0,1,1
2179,37,13,158,93943,2,2.3,2,0,0,1,1,1
3652,49,23,140,90504,1,1.9,3,0,0,0,0,1
1325,52,28,15,95064,1,0.2,1,0,0,0,1,0
3556,35,9,81,91107,1,2.7,2,0,0,0,1,0
3334,37,13,79,91711,4,0.1,2,280,0,0,1,0
3607,43,18,9,96145,2,0.0,3,96,0,0,1,1
288,37,12,62,92110,3,0.7,2,0,0,0,0,1
2407,31,7,10,92354,1,0.5,3,81,0,0,1,0
2514,52,26,71,92037,1,1.4,3,0,0,0,0,0
1353,51,27,20,90401,4,0.5,2,0,0,0,1,0
3016,44,18,68,92673,4,2.9,1,0,1,0,0,1
1076,41,15,59,90024,4,0.2,3,0,0,0,0,0
3427,31,5,115,90025,2,1.5,3,189,0,0,1,0
158,41,17,83,94025,4,2.67,1,0,0,0,1,1
996,28,3,45,94305,2,1.6,3,0,0,0,1,1
375,30,5,98,91941,2,3.1,1,220,0,0,1,0
2199,59,35,58,91355,1,0.0,2,0,0,0,1,0
4555,41,16,109,94801,3,1.0,1,0,1,0,1,0
2225,38,12,29,92084,2,1.4,3,0,0,0,1,0
3126,46,20,18,92521,1,0.2,1,0,0,0,1,1
3880,28,4,101,95136,3,2.5,1,270,0,0,0,0
70,53,29,20,90045,4,0.2,1,0,0,0,1,0
2798,65,39,53,94608,1,2.5,3,0,0,0,1,0
225,52,27,58,94305,4,1.8,3,91,0,0,0,0
3232,62,37,24,90717,1,0.3,3,0,1,0,1,0
1183,28,2,19,94720,4,0.4,1,0,0,0,1,1
4278,40,16,138,92612,1,3.5,1,0,0,0,1,0
856,59,33,113,92152,2,2.0,1,77,0,0,1,0
151,46,22,118,94107,2,7.5,1,0,0,1,1,1
1671,38,14,25,95135,4,0.4,2,101,0,0,1,0
2051,41,15,29,94024,2,0.8,3,98,0,0,0,0
2175,30,5,123,95605,2,3.1,1,0,0,0,1,0
279,50,26,21,91125,4,1.0,1,0,0,0,1,0
3037,33,9,14,91320,4,0.7,2,105,0,0,1,0
4021,58,32,191,93943,4,5.2,3,194,0,0,0,1
3947,25,-1,40,93117,3,2.4,2,0,0,0,1,0
1086,51,26,11,92612,2,0.0,1,0,1,0,0,0
3414,54,24,72,95123,3,1.4,3,0,0,0,0,1
92,35,10,29,94105,4,1.1,3,0,0,0,1,0
1276,27,2,92,95616,2,3.1,1,178,0,0,1,0
1299,38,14,74,90274,1,3.6,2,0,0,0,1,1
1125,38,12,29,94022,4,0.2,1,0,0,0,0,1
2705,38,13,191,91710,2,3.0,1,0,0,0,1,0
640,62,36,32,92646,2,0.2,3,0,0,0,1,1
4048,43,17,82,94114,1,5.2,1,79,0,0,1,0
807,53,27,44,94542,4,1.5,3,0,0,0,0,0
4506,40,15,90,94063,4,1.1,2,0,1,0,1,0
850,33,8,58,94305,2,0.1,1,0,1,1,1,1
525,24,-1,75,93014,4,0.2,1,0,0,0,1,0
3093,43,18,113,90036,2,0.4,1,325,1,0,0,0
2725,49,24,30,90212,4,0.4,2,157,0,1,1,1
3229,27,2,45,94305,2,1.7,2,0,0,0,0,1
791,55,30,58,92028,4,0.9,1,0,0,0,1,1
4790,58,34,84,95120,4,1.6,2,0,0,0,1,0
954,51,26,28,92130,4,0.2,2,0,1,0,1,0
4818,46,22,134,93305,2,3.3,1,0,0,0,0,0
4552,27,0,28,91330,4,1.5,2,0,0,0,1,0
1720,36,12,188,91304,2,6.5,1,0,0,0,1,1
1285,65,40,128,90740,1,2.5,1,162,0,0,1,0
1302,41,17,153,92121,1,1.7,1,337,0,0,0,1
526,64,38,79,94024,2,2.8,1,179,0,0,0,0
2367,30,4,63,95008,4,2.2,2,0,1,0,1,0
712,62,37,83,91754,3,1.8,2,187,1,0,0,0
3165,28,4,82,95136,4,0.0,1,0,0,0,1,1
2370,50,24,45,94005,4,0.1,1,93,0,0,1,0
4195,63,37,31,95819,1,0.5,3,0,0,0,1,0
2838,39,14,54,92037,2,1.1,2,159,0,0,0,1
4819,45,19,85,94112,2,1.7,2,0,0,0,1,0
3935,35,11,68,94923,2,0.0,1,126,0,0,0,1
771,26,2,172,94551,2,6.9,2,0,0,0,1,0
3960,43,19,123,91107,3,1.3,1,0,0,0,1,0
247,38,14,60,94025,2,0.6,3,0,0,0,1,1
2205,63,37,20,94704,2,0.4,1,76,0,0,0,0
811,32,6,41,92182,2,2.0,3,0,0,0,0,0
2585,59,34,114,94606,3,4.2,2,0,0,0,1,0
976,63,38,83,92122,2,3.4,1,0,0,0,0,0
3900,60,34,43,92697,1,1.4,1,0,0,0,1,1
65,47,23,105,90024,2,3.3,1,0,0,0,0,0
1552,50,25,192,94115,2,2.8,1,238,0,0,0,1
974,43,18,85,92703,1,4.0,3,287,0,0,1,0
700,44,20,68,95060,1,0.8,3,91,0,0,0,0
3054,28,4,114,92521,2,0.2,1,0,0,0,1,0
770,33,6,78,90250,4,2.0,2,119,1,0,1,0
1332,31,7,84,92692,1,0.1,1,0,0,0,1,0
275,30,5,74,95616,4,2.2,1,0,1,0,0,1
1278,45,20,194,92110,2,8.8,1,428,0,0,0,0
3018,57,32,68,90041,2,3.7,1,184,0,0,0,0
1058,30,0,63,95503,2,1.75,3,0,0,0,1,0
2309,39,13,58,94590,2,2.4,2,0,0,0,1,0
1961,44,19,30,95616,4,0.0,2,0,0,0,1,0
735,66,42,53,92182,2,1.1,1,0,0,0,1,1
3902,34,10,53,94107,3,2.6,2,0,0,0,1,0
1779,27,3,32,94710,3,1.0,2,0,0,0,0,0
3763,53,27,84,95616,2,1.1,1,0,0,0,1,0
3800,37,11,44,93109,4,0.2,1,0,0,0,0,1
1150,56,32,158,91763,1,7.4,1,0,0,0,0,0
56,41,17,139,94022,2,8.0,1,0,0,0,1,0
1910,56,30,101,90048,3,1.7,2,0,0,0,0,1
3381,64,38,21,95422,1,0.8,2,76,0,0,0,1
4427,33,8,140,95814,1,4.6,1,0,0,0,1,0
3049,63,39,49,90275,1,0.8,1,103,0,0,1,0
4192,42,15,39,91711,3,1.0,2,132,0,0,0,0
1748,29,5,21,90717,4,0.4,2,89,0,0,0,1
2843,36,11,90,94709,1,2.8,1,0,0,0,1,0
4444,38,14,48,90034,1,1.8,1,169,0,0,0,0
3532,38,12,58,94542,3,0.9,3,128,0,0,0,1
281,33,8,64,92121,4,2.1,3,164,0,0,1,0
4031,58,32,44,92354,1,0.8,2,0,0,0,0,0
1887,65,41,115,94105,4,1.7,2,0,0,0,0,0
2312,62,37,115,90245,4,3.4,2,0,0,0,1,1
741,52,27,195,90266,1,8.1,1,0,0,0,0,0
3954,50,26,52,93555,4,0.1,3,0,0,0,0,0
3346,35,11,14,94720,4,1.0,1,0,0,1,1,1
1423,32,8,32,94143,2,1.0,2,103,0,1,1,1
400,28,3,84,90024,4,0.2,1,0,0,0,1,1
4680,26,0,161,94551,2,7.2,1,0,0,0,0,0
4639,37,13,89,91711,2,1.7,2,0,0,0,1,0
2010,25,0,99,92735,1,1.9,1,323,0,0,0,0
4211,35,8,43,95819,2,1.67,2,0,0,0,0,0
4217,60,35,173,90059,3,3.1,3,0,0,0,1,0
1804,58,32,59,94542,1,1.6,1,0,0,0,1,0
1706,48,24,79,90245,4,1.4,2,0,1,0,0,1
4197,49,25,13,95814,1,0.9,3,0,0,0,1,0
1340,52,25,180,94545,2,9.0,2,297,0,0,1,0
3512,37,11,89,94609,1,1.5,3,0,0,0,1,0
3646,42,17,79,92103,1,3.7,3,0,1,0,0,1
2271,26,2,51,92103,4,2.6,1,0,0,0,1,0
2402,42,17,63,95814,2,2.2,3,0,0,0,1,0
4369,31,7,25,93943,2,1.0,2,0,1,1,1,1
3084,40,16,78,90720,4,2.4,1,0,1,1,1,0
3765,63,37,15,94720,2,0.4,1,0,0,0,0,0
2391,33,9,41,95814,3,2.0,1,108,0,0,1,0
2245,57,31,53,92806,1,0.8,2,120,0,0,0,0
4757,30,4,78,92677,4,2.2,2,236,1,0,0,0
102,61,36,30,94608,3,1.3,2,0,0,0,0,0
4936,59,33,81,94022,2,1.4,1,0,0,0,1,0
2772,41,16,115,92333,1,7.0,1,0,0,0,0,0
2209,64,40,92,91109,2,0.0,3,185,1,0,1,0
4800,44,20,33,94306,4,0.3,1,142,0,0,0,1
2692,61,36,119,95064,2,5.4,2,0,0,0,1,0
4322,27,0,34,92717,1,2.0,2,112,0,0,0,1
2148,27,3,20,92007,4,1.0,1,0,0,0,0,0
3801,64,38,35,93955,1,0.5,3,0,0,0,1,0
1894,49,24,13,94608,1,0.4,3,101,1,0,0,0
2164,33,3,69,92161,4,1.8,3,0,0,0,1,0
4514,43,19,114,92325,1,1.7,1,0,0,0,1,0
1839,31,7,99,94720,1,4.0,1,0,0,0,1,0
1520,63,38,22,92115,3,0.1,3,90,0,0,1,0
1710,58,34,88,93555,2,1.6,1,0,0,0,1,1
1132,57,27,90,91709,2,4.5,3,0,0,0,1,0
3215,61,37,33,91775,3,0.1,3,0,0,0,1,0
3200,33,9,20,95521,4,0.7,2,0,0,0,1,0
1617,48,23,84,94402,4,3.1,2,0,1,1,1,0
3730,43,17,82,94040,3,0.1,1,0,0,0,1,0
4434,62,38,44,92612,1,1.9,2,0,0,0,0,1
541,25,-1,109,94010,4,2.3,3,314,0,0,1,0
3941,41,17,53,93727,2,2.5,1,102,0,0,1,0
47,39,14,43,95014,3,0.7,2,153,0,0,1,0
4316,51,26,62,90024,4,1.8,3,119,0,0,1,0
3673,38,13,65,91320,3,0.5,3,0,0,0,1,0
743,32,6,81,92626,1,2.5,1,0,0,0,1,0
1229,56,30,45,92870,1,0.2,1,98,0,0,0,0
1444,36,12,25,95051,4,1.0,1,0,0,0,1,0
4586,35,11,180,94010,1,3.6,3,571,0,1,1,1
3501,51,26,90,94110,1,2.8,2,0,0,0,1,1
4381,37,13,64,94105,1,1.5,3,0,0,0,1,0
2636,40,14,33,95616,2,0.8,3,89,0,0,1,0
4658,41,16,9,90089,2,0.3,2,0,0,0,0,1
2256,33,9,79,94612,1,0.1,1,0,0,0,1,0
1708,61,37,31,92374,3,0.4,2,0,0,0,0,1
4771,35,5,93,90095,4,1.8,3,0,0,0,0,1
1414,48,24,12,90058,3,0.4,1,0,0,0,0,0
2191,27,3,110,96150,2,0.2,1,294,1,0,0,1
1395,52,27,33,90095,2,0.7,2,0,0,0,0,1
579,46,19,49,92124,3,2.5,2,0,0,0,1,1
237,43,18,89,93407,3,0.5,3,0,0,0,1,1
1202,35,8,38,95060,4,1.0,2,0,0,0,1,0
389,54,30,100,95814,4,3.4,3,0,0,0,0,0
2301,66,41,70,93711,3,2.2,1,0,0,0,0,0
1611,38,14,103,94305,1,0.8,2,0,0,0,0,1
1580,29,5,122,94305,4,3.0,1,0,0,0,0,1
1591,49,23,58,95819,4,2.6,1,188,0,0,0,0
4987,32,6,78,95825,1,2.9,3,0,0,0,0,0
434,52,28,31,91330,4,0.2,1,141,0,0,1,1
1822,32,7,54,96008,4,1.3,1,0,1,0,1,0
687,24,-1,38,92612,4,0.6,2,0,0,0,1,0
